{"nVersion":1,"logoPosition":{"pinnedPosition":"CenterCenter","nWidthPct":35.61076345431789,"nHeightPct":45.30555555555556}}