{"nVersion":1,"logoPosition":{"pinnedPosition":"BottomLeft","nWidthPct":62.390488110137674,"nHeightPct":88.88888888888889}}