{"nVersion":1,"logoPosition":{"pinnedPosition":"BottomLeft","nWidthPct":65.20650813516896,"nHeightPct":85.06944444444444}}