{"nVersion":1,"logoPosition":{"pinnedPosition":"CenterCenter","nWidthPct":46.18796992481202,"nHeightPct":91.72222222222223}}