{"nVersion":1,"logoPosition":{"pinnedPosition":"UpperCenter","nWidthPct":77.01501877346684,"nHeightPct":83.77777777777777}}