{"nVersion":1,"logoPosition":{"pinnedPosition":"BottomLeft","nWidthPct":46.30162703379224,"nHeightPct":76.38888888888889}}