{"nVersion":1,"logoPosition":{"pinnedPosition":"BottomLeft","nWidthPct":35.128911138923684,"nHeightPct":73.69444444444449}}