{"nVersion":1,"logoPosition":{"pinnedPosition":"CenterCenter","nWidthPct":60.38798498122654,"nHeightPct":85.41666666666666}}