{"nVersion":1,"logoPosition":{"pinnedPosition":"BottomLeft","nWidthPct":48.12030075187971,"nHeightPct":59.72222222222223}}