{"nVersion":1,"logoPosition":{"pinnedPosition":"BottomLeft","nWidthPct":43.29573934837089,"nHeightPct":44.902777777777715}}