{"nVersion":1,"logoPosition":{"pinnedPosition":"BottomLeft","nWidthPct":42.16791979949873,"nHeightPct":48.263888888888886}}