{"nVersion":1,"logoPosition":{"pinnedPosition":"BottomLeft","nWidthPct":71.13391739674594,"nHeightPct":75.16666666666667}}