{"nVersion":1,"logoPosition":{"pinnedPosition":"BottomLeft","nWidthPct":58.32290362953692,"nHeightPct":74.30555555555556}}