{"nVersion":1,"logoPosition":{"pinnedPosition":"CenterCenter","nWidthPct":37.09273182957394,"nHeightPct":62.15277777777777}}