{"nVersion":1,"logoPosition":{"pinnedPosition":"BottomLeft","nWidthPct":71.21401752190238,"nHeightPct":95.45833333333333}}