{"nVersion":1,"logoPosition":{"pinnedPosition":"BottomLeft","nWidthPct":27.13032581453632,"nHeightPct":40.277777777777786}}