{"nVersion":1,"logoPosition":{"pinnedPosition":"BottomLeft","nWidthPct":42.421777221526916,"nHeightPct":68.40277777777777}}