{"nVersion":1,"logoPosition":{"pinnedPosition":"BottomLeft","nWidthPct":22.681704260651628,"nHeightPct":70.41666666666667}}