{"nVersion":1,"logoPosition":{"pinnedPosition":"CenterCenter","nWidthPct":46.02756892230576,"nHeightPct":77.77777777777777}}