{"nVersion":1,"logoPosition":{"pinnedPosition":"BottomLeft","nWidthPct":91.22807017543857,"nHeightPct":98.6111111111111}}