{"nVersion":1,"logoPosition":{"pinnedPosition":"CenterCenter","nWidthPct":40.639097744360924,"nHeightPct":78.61111111111111}}