{"nVersion":1,"logoPosition":{"pinnedPosition":"BottomLeft","nWidthPct":49.81203007518798,"nHeightPct":62.84722222222221}}