{"nVersion":1,"logoPosition":{"pinnedPosition":"BottomLeft","nWidthPct":73.37092731829574,"nHeightPct":80.90277777777777}}