{"nVersion":1,"logoPosition":{"pinnedPosition":"BottomLeft","nWidthPct":48.43358395989974,"nHeightPct":67.79166666666667}}