{"nVersion":1,"logoPosition":{"pinnedPosition":"CenterCenter","nWidthPct":28.758448060075096,"nHeightPct":73.58333333333333}}