{"nVersion":1,"logoPosition":{"pinnedPosition":"CenterCenter","nWidthPct":64.03508771929825,"nHeightPct":73.95833333333334}}