{"nVersion":1,"logoPosition":{"pinnedPosition":"BottomLeft","nWidthPct":66.5118898623279,"nHeightPct":87.90277777777777}}