{"nVersion":1,"logoPosition":{"pinnedPosition":"BottomLeft","nWidthPct":64.16040100250626,"nHeightPct":73.26388888888889}}