{"nVersion":1,"logoPosition":{"pinnedPosition":"BottomLeft","nWidthPct":42.47117794486217,"nHeightPct":45.54166666666667}}