{"nVersion":1,"logoPosition":{"pinnedPosition":"BottomCenter","nWidthPct":61.11013767209013,"nHeightPct":49.69444444444446}}