{"nVersion":1,"logoPosition":{"pinnedPosition":"BottomLeft","nWidthPct":54.95369211514393,"nHeightPct":99.97222222222223}}