{"nVersion":1,"logoPosition":{"pinnedPosition":"CenterCenter","nWidthPct":37.89724310776944,"nHeightPct":85.55555555555557}}