{"nVersion":1,"logoPosition":{"pinnedPosition":"BottomLeft","nWidthPct":61.46616541353384,"nHeightPct":70.83333333333333}}