{"nVersion":1,"logoPosition":{"pinnedPosition":"CenterCenter","nWidthPct":48.518796992481185,"nHeightPct":81.61111111111111}}