{"nVersion":1,"logoPosition":{"pinnedPosition":"BottomLeft","nWidthPct":46.392405063291136,"nHeightPct":64.93055555555554}}