{"nVersion":1,"logoPosition":{"pinnedPosition":"CenterCenter","nWidthPct":66.97994987468674,"nHeightPct":48.263888888888886}}