{"nVersion":1,"logoPosition":{"pinnedPosition":"BottomLeft","nWidthPct":76.70676691729324,"nHeightPct":93.68055555555556}}