{"nVersion":1,"logoPosition":{"pinnedPosition":"BottomCenter","nWidthPct":76.31578947368419,"nHeightPct":62.013888888888886}}