{"nVersion":1,"logoPosition":{"pinnedPosition":"BottomLeft","nWidthPct":71.21401752190238,"nHeightPct":85.06944444444444}}