{"nVersion":1,"logoPosition":{"pinnedPosition":"CenterCenter","nWidthPct":46.8671679197995,"nHeightPct":41.66666666666668}}