{"nVersion":1,"logoPosition":{"pinnedPosition":"CenterCenter","nWidthPct":39.31829573934834,"nHeightPct":62.22222222222223}}