{"nVersion":1,"logoPosition":{"pinnedPosition":"CenterCenter","nWidthPct":23.395989974937365,"nHeightPct":39.69444444444446}}