{"nVersion":1,"logoPosition":{"pinnedPosition":"BottomLeft","nWidthPct":63.31829573934838,"nHeightPct":64.05555555555557}}