{"nVersion":1,"logoPosition":{"pinnedPosition":"BottomLeft","nWidthPct":34.71177944862157,"nHeightPct":48.95833333333333}}