{"nVersion":1,"logoPosition":{"pinnedPosition":"BottomLeft","nWidthPct":40.22556390977443,"nHeightPct":65.2777777777778}}