{"nVersion":1,"logoPosition":{"pinnedPosition":"CenterCenter","nWidthPct":51.756892230576454,"nHeightPct":57.888888888888886}}