{"nVersion":1,"logoPosition":{"pinnedPosition":"BottomLeft","nWidthPct":24.180225281602006,"nHeightPct":72.56944444444444}}