{"nVersion":1,"logoPosition":{"pinnedPosition":"CenterCenter","nWidthPct":64.78696741854637,"nHeightPct":83.33333333333331}}