{"nVersion":1,"logoPosition":{"pinnedPosition":"BottomCenter","nWidthPct":87.27318295739349,"nHeightPct":74.63888888888889}}