{"nVersion":1,"logoPosition":{"pinnedPosition":"BottomLeft","nWidthPct":40.09273182957393,"nHeightPct":51.04166666666665}}