{"nVersion":1,"logoPosition":{"pinnedPosition":"BottomLeft","nWidthPct":30.971214017521902,"nHeightPct":52.43055555555555}}