{"nVersion":1,"logoPosition":{"pinnedPosition":"CenterCenter","nWidthPct":78.6967418546366,"nHeightPct":86.80555555555557}}