{"nVersion":1,"logoPosition":{"pinnedPosition":"CenterCenter","nWidthPct":54.380475594493106,"nHeightPct":68.05555555555557}}