{"nVersion":1,"logoPosition":{"pinnedPosition":"BottomLeft","nWidthPct":41.64956195244056,"nHeightPct":54.54166666666666}}