{"nVersion":1,"logoPosition":{"pinnedPosition":"CenterCenter","nWidthPct":72.1639549436796,"nHeightPct":27.874999999999986}}