{"nVersion":1,"logoPosition":{"pinnedPosition":"CenterCenter","nWidthPct":30.989974937343277,"nHeightPct":84.30555555555554}}