{"nVersion":1,"logoPosition":{"pinnedPosition":"CenterCenter","nWidthPct":55.83103879849813,"nHeightPct":89.54166666666666}}