{"nVersion":1,"logoPosition":{"pinnedPosition":"CenterCenter","nWidthPct":30.415133578627433,"nHeightPct":67.65993999225711}}