{"nVersion":1,"logoPosition":{"pinnedPosition":"BottomLeft","nWidthPct":54.260651629072676,"nHeightPct":59.277777777777786}}