{"nVersion":1,"logoPosition":{"pinnedPosition":"BottomLeft","nWidthPct":50.125156445556954,"nHeightPct":84.02777777777777}}