{"nVersion":1,"logoPosition":{"pinnedPosition":"BottomLeft","nWidthPct":64.26783479349186,"nHeightPct":76.04166666666667}}