{"nVersion":1,"logoPosition":{"pinnedPosition":"BottomLeft","nWidthPct":54.005006257822274,"nHeightPct":74.65277777777777}}